Country,Year,GDP,Population,OBM,OBF,GDPPerCapita
Afghanistan,2004,5285465686,23553554,1.5,4.2,224.4020451
Afghanistan,2008,10190529882,26427204,2,5.2,385.6075687
Afghanistan,2012,20536542737,30466484,2.5,6.3,674.0699956
Afghanistan,2016,19469022208,34636212,3.2,7.6,562.1002149
Albania,1992,709452583.9,3303738,8.5,12.2,214.7423869
Albania,1996,3314898292,3271336,10,13.4,1013.316361
Albania,2000,3632043908,3182027,11.7,14.7,1141.424604
Albania,2004,7314865176,3062629,13.7,16.2,2388.426798
Albania,2008,12881352688,2951690,16.1,18,4364.060145
Albania,2012,12319784787,2892191,18.8,19.9,4259.671919
Albania,2016,11863865978,2881064,21.6,21.8,4117.876582
Algeria,1992,48003298223,26748302,7,19.3,1794.629738
Algeria,1996,46941496780,28984640,8.6,21.7,1619.530095
Algeria,2000,54790245601,30774624,10.3,24.2,1780.370919
Algeria,2004,85324998814,32510184,12.3,26.8,2624.562162
Algeria,2008,1.71E+11,34569592,14.6,29.5,4946.572699
Algeria,2012,2.09E+11,37260568,17.1,32.2,5610.730357
Algeria,2016,1.59E+11,40339328,19.9,34.9,3942.777629
American Samoa,2004,512000000,57653,31.3,48.1,8880.717395
American Samoa,2008,563000000,55909,34.1,50.5,10069.93507
American Samoa,2012,644000000,53718,37,52.8,11988.53271
American Samoa,2016,658000000,50468,39.9,55,13037.96465
Andorra,1992,1210013652,57305,17.7,22.5,21115.32418
Andorra,1996,1223945357,64166,19.1,23.1,19074.67127
Andorra,2000,1434429703,66116,20.6,23.8,21695.65163
Andorra,2004,2935659300,76950,22,24.3,38150.21832
Andorra,2008,4007353157,76073,23.3,24.6,52677.73266
Andorra,2012,3164615187,71035,24.5,25,44550.08358
Andorra,2016,2858517699,72563,25.9,25.3,39393.59865
Angola,1992,5684291719,12632509,0.8,3.6,449.9732966
Angola,1996,7526446606,14383352,1.1,4.5,523.2748671
Angola,2000,9129594819,16394067,1.4,5.6,556.8840739
Angola,2004,19640848729,18771128,1.9,6.9,1046.332896
Angola,2008,84178032716,21691524,2.4,8.4,3880.687808
Angola,2012,1.15E+11,25188298,3.1,10.2,4581.413163
Angola,2016,95335111741,29154742,4,12.1,3269.969315
Antigua and Barbuda,1992,499281148.1,64676,5,14.9,7719.728309
Antigua and Barbuda,1996,633730629.6,69817,5.9,16.5,9077.024644
Antigua and Barbuda,2000,830158768.9,75070,6.8,18.2,11058.46235
Antigua and Barbuda,2004,919577142.6,78955,7.8,19.9,11646.85128
Antigua and Barbuda,2008,1368431037,83267,8.9,21.7,16434.25411
Antigua and Barbuda,2012,1211411704,87688,10.1,23.7,13815.02263
Antigua and Barbuda,2016,1460144704,90575,11.6,25.9,16120.83582
Argentina,1992,2.29E+11,33568280,15.5,19.1,6815.630709
Argentina,1996,2.72E+11,35389360,17.3,20.6,7690.164501
Argentina,2000,2.84E+11,37070772,19.1,22.1,7666.524992
Argentina,2004,1.65E+11,38668796,21,23.7,4258.162059
Argentina,2008,3.62E+11,40273768,23,25.4,8977.506152
Argentina,2012,5.46E+11,41952364,25.1,27.2,13014.33216
Argentina,2016,5.45E+11,43668236,27.3,29,12491.36787
Armenia,1992,1272577456,3574558,8.8,14.6,356.0097377
Armenia,1996,1596968913,3298903,9.8,15.7,484.0908972
Armenia,2000,1911563665,3168525,10.9,16.8,603.2976432
Armenia,2004,3576615240,3065748,12.1,18,1166.637062
Armenia,2008,11662040714,2983425,13.6,19.5,3908.943819
Armenia,2012,10619320049,2914428,15.2,21.2,3643.706432
Armenia,2016,10572298342,2865841,17.1,23,3689.073589
Australia,1992,3.26E+11,17462500,15.6,16.7,18650.99499
Australia,1996,4.02E+11,18211850,17.7,18.5,22063.60145
Australia,2000,4.15E+11,19017968,19.9,20.5,21844.92055
Australia,2004,6.13E+11,19925060,22.3,22.5,30781.83955
Australia,2008,1.06E+12,21247876,24.6,24.5,49667.55265
Australia,2012,1.54E+12,22729272,27,26.4,67674.40682
Australia,2016,1.20E+12,24195706,29.6,28.4,49786.51997
Austria,1992,1.95E+11,7840816,11.1,11.3,24879.80843
Austria,1996,2.37E+11,7958043,12.7,12.4,29812.7316
Austria,2000,1.97E+11,8010425,14.3,13.5,24567.98484
Austria,2004,3.01E+11,8171215,16.1,14.7,36824.87855
Austria,2008,4.30E+11,8321134,17.9,15.8,51710.98074
Austria,2012,4.09E+11,8429641,19.8,17,48569.68405
Austria,2016,3.91E+11,8736491,21.9,18.3,44731.91811
Azerbaijan,1992,4991350458,7643343,7,13.1,653.0323784
Azerbaijan,1996,3176749593,7949107,8,14.3,399.6360337
Azerbaijan,2000,5272617196,8190341,9,15.6,643.7603997
Azerbaijan,2004,8680472169,8556168,10.2,17.2,1014.528019
Azerbaijan,2008,48852482960,8999697,11.8,19.1,5428.236413
Azerbaijan,2012,69684317719,9485577,13.7,21.2,7346.344637
Azerbaijan,2016,37847715736,9976254,15.8,23.6,3793.780284
Bahamas,1992,3109000000,281982,12.2,27,11025.52645
Bahamas,1996,3609000000,304944,14,29,11834.95986
Bahamas,2000,6327552000,325033,15.9,30.9,19467.41408
Bahamas,2004,7094413000,343097,17.9,32.7,20677.57223
Bahamas,2008,8247000000,362807,19.9,34.5,22731.09394
Bahamas,2012,10720500000,382073,22.1,36.3,28058.77411
Bahamas,2016,11261800000,395986,24.4,38.1,28439.89434
Bahrain,1992,4751063830,554480,14.4,28,8568.503517
Bahrain,1996,6101861436,632763,15.9,29.4,9643.202014
Bahrain,2000,9062906915,711446,17.6,30.7,12738.71371
Bahrain,2004,13150166755,833454,19.3,32.1,15777.91546
Bahrain,2008,25710877660,1110352,21.1,33.5,23155.60981
Bahrain,2012,30749308511,1224948,23.2,35.1,25102.54191
Bahrain,2016,32179069149,1409668,25.5,36.8,22827.40982
Bangladesh,1992,31708873955,111272104,0.4,1.2,284.9669667
Bangladesh,1996,46438482370,119876872,0.5,1.6,387.3848358
Bangladesh,2000,53369787319,129193336,0.7,2,413.1001565
Bangladesh,2004,65108544250,138789728,0.9,2.5,469.1164482
Bangladesh,2008,91631278239,145421328,1.3,3.2,630.1089359
Bangladesh,2012,1.33E+11,152090656,1.7,4,876.8191519
Bangladesh,2016,2.21E+11,159784576,2.3,5,1385.709469
Barbados,1992,1950900000,260226,5.8,17.5,7496.944963
Barbados,1996,2411872918,262808,6.8,19.4,9177.319252
Barbados,2000,3121500000,264663,8.1,21.7,11794.244
Barbados,2004,3514350000,268514,9.5,24.1,13088.14438
Barbados,2008,4607300000,272647,11,26.4,16898.4071
Barbados,2012,4656350000,276207,12.7,28.8,16858.18969
Barbados,2016,4529050000,278660,14.7,31.3,16252.9606
Belarus,1992,17120370370,10475912,11,20.5,1634.260613
Belarus,1996,14756861538,10436455,12.6,21.5,1413.972612
Belarus,2000,12736856828,10256489,14.3,22.4,1241.834007
Belarus,2004,23141587718,9999713,16.1,23.4,2314.22519
Belarus,2008,60763483146,9787829,18.1,24.4,6208.06546
Belarus,2012,65685102555,9693754,20.1,25.3,6776.023257
Belarus,2016,47407217531,9708111,22.1,26.3,4883.258703
Belgium,1992,2.36E+11,10016455,13.3,15.7,23565.02375
Belgium,1996,2.81E+11,10123230,14.8,16.6,27793.30313
Belgium,2000,2.38E+11,10264351,16.3,17.5,23177.79273
Belgium,2004,3.71E+11,10456164,17.9,18.4,35470.46508
Belgium,2008,5.19E+11,10726720,19.6,19.3,48348.98273
Belgium,2012,4.98E+11,11031140,21.3,20.1,45134.41041
Belgium,2016,4.68E+11,11316837,23.1,21,41350.42327
Belize,1992,518239100,190312,7.1,19.1,2723.102589
Belize,1996,641383800,209857,8.3,20.9,3056.289759
Belize,2000,832072450,240420,9.7,23,3460.911946
Belize,2004,1057845500,272141,11.2,25.1,3887.122852
Belize,2008,1368625150,305687,12.8,27.1,4477.21084
Belize,2012,1573618750,337067,14.5,29.2,4668.563668
Belize,2016,1741100000,367327,16.5,31.5,4739.918383
Benin,1992,1695315306,5457781,1.3,5.1,310.6235494
Benin,1996,2361116588,6203860,1.6,6.3,380.5883092
Benin,2000,2569186643,6998022,2.1,7.5,367.1304038
Benin,2004,4521424807,7894558,2.6,8.9,572.7267831
Benin,2008,7132787397,8906472,3.1,10.5,800.8544121
Benin,2012,8152554487,10014087,3.8,12.3,814.1086139
Benin,2016,8583031398,11260091,4.7,14.2,762.2524008
Bhutan,1992,250794359.6,545956,0.8,2.1,459.3673476
Bhutan,1996,316420860.9,537500,1.1,2.7,588.6899738
Bhutan,2000,439158233.2,587210,1.5,3.6,747.8725383
Bhutan,2004,702682019,649995,2.1,4.6,1081.057576
Bhutan,2008,1258332337,689741,2.8,5.8,1824.354848
Bhutan,2012,1823692110,721154,3.7,7.1,2528.85252
Bhutan,2016,2212638830,749764,4.7,8.5,2951.113724
Bosnia and Herzegovina,1996,2786045322,3907749,9.5,13.2,712.9540106
Bosnia and Herzegovina,2000,5505984456,4179355,10.8,14,1317.424449
Bosnia and Herzegovina,2004,10022840635,4142858,12.2,15,2419.30586
Bosnia and Herzegovina,2008,19112739664,3943390,13.7,16,4846.778955
Bosnia and Herzegovina,2012,17226849297,3674376,15.3,17.1,4688.374107
Bosnia and Herzegovina,2016,16910277134,3480985,17.1,18.4,4857.900029
Botswana,1992,4146513722,1420696,2,15.1,2918.649537
Botswana,1996,4847752843,1582175,2.9,18.5,3063.980181
Botswana,2000,5788329609,1726992,3.9,21.3,3351.682931
Botswana,2004,8957467707,1859087,4.9,23.6,4818.20792
Botswana,2008,10945070442,2007322,5.9,25.6,5452.57335
Botswana,2012,14686278707,2175429,6.9,27.5,6750.980476
Botswana,2016,15581137274,2352419,8.1,29.3,6623.453251
Brazil,1992,4.01E+11,155900784,7.7,14,2569.576558
Brazil,1996,8.50E+11,166037120,9.3,15.8,5121.902861
Brazil,2000,6.55E+11,175873712,11,17.8,3726.657
Brazil,2004,6.69E+11,184722048,12.8,19.7,3623.368229
Brazil,2008,1.70E+12,192672320,14.6,21.5,8801.575649
Brazil,2012,2.47E+12,199977712,16.5,23.4,12327.32376
Brazil,2016,1.80E+12,206859584,18.5,25.4,8683.13648
Bulgaria,1992,10350515464,8668545,13.8,18.1,1194.031462
Bulgaria,1996,10109404160,8401382,15.4,19,1203.302523
Bulgaria,2000,13148099185,8097694,17.1,19.8,1623.684371
Bulgaria,2004,26094622564,7865314,19,20.8,3317.683511
Bulgaria,2008,54409138498,7674912,21.1,21.9,7089.21985
Bulgaria,2012,53903028252,7488347,23.2,23.1,7198.254602
Bulgaria,2016,53237882473,7245982,25.5,24.3,7347.228088
Burkina Faso,1992,2240264712,9598555,0.5,2,233.3960385
Burkina Faso,1996,2586550747,10621215,0.6,2.5,243.5268232
Burkina Faso,2000,2628920056,11882896,0.8,3.2,221.2356362
Burkina Faso,2004,4838551100,13445981,1.1,4,359.8511035
Burkina Faso,2008,8369637065,15197917,1.5,5.2,550.7094864
Burkina Faso,2012,11166063467,17113736,2,6.5,652.4620613
Burkina Faso,2016,11693235542,19275504,2.6,8.1,606.6370841
Burundi,1992,1083037671,5743083,0.5,2.5,188.5812326
Burundi,1996,869033856.3,5930512,0.7,3,146.536059
Burundi,2000,870486065.9,6307665,0.8,3.8,138.004486
Burundi,2004,915257323.4,7120502,1.1,4.7,128.5383142
Burundi,2008,1611634332,8278112,1.3,5.8,194.6862198
Burundi,2012,2472384907,9795479,1.7,7.1,252.4006133
Burundi,2016,3007029030,10903329,2.1,8.6,275.7899931
Cambodia,1996,3506695720,11182613,0.6,1.6,313.5846443
Cambodia,2000,3654031716,12118844,0.9,2,301.5165239
Cambodia,2004,5337833248,13016377,1.2,2.5,410.0859439
Cambodia,2008,10351914093,13943897,1.6,3.1,742.3974871
Cambodia,2012,14038383450,14786650,2.1,3.9,949.395803
Cambodia,2016,20016747754,15624586,2.7,4.8,1281.1058
Cameroon,1992,11396310990,12128609,1.6,6.1,939.6222592
Cameroon,1996,10513387442,13575327,2,7.4,774.4481913
Cameroon,2000,10083937740,15091598,2.6,8.9,668.1822389
Cameroon,2004,17430933517,16809406,3.3,10.6,1036.974984
Cameroon,2008,26409781215,18777082,4.1,12.4,1406.490168
Cameroon,2012,29104437355,21032684,5,14.4,1383.771912
Cameroon,2016,32217497470,23711626,6.1,16.4,1358.72156
Canada,1992,5.92E+11,28347642,15.3,16.8,20897.2584
Canada,1996,6.29E+11,29593856,17.5,18.8,21239.0707
Canada,2000,7.42E+11,30683316,19.9,20.9,24192.07233
Canada,2004,1.02E+12,31911670,22.3,23.1,32063.50529
Canada,2008,1.55E+12,33218542,24.7,25.2,46634.49708
Canada,2012,1.82E+12,34691876,27,27.2,52585.51022
Canada,2016,1.53E+12,36113532,29.5,29.3,42359.74482
Cape Verde,1992,357160985.3,381957,1.5,5.8,935.0816592
Cape Verde,1996,501979069.3,421018,2.2,7.4,1192.298356
Cape Verde,2000,539227277.6,458258,2.9,9,1176.689283
Cape Verde,2004,924318490.8,486591,3.6,10.7,1899.579916
Cape Verde,2008,1789333749,510342,4.6,12.5,3506.146367
Cape Verde,2012,1751888562,533877,5.6,14.4,3281.44603
Cape Verde,2016,1617467436,558399,6.9,16.3,2896.615925
Central African Republic,1992,1411917558,2991733,1.1,4.3,471.9396945
Central African Republic,1996,1007791186,3363576,1.4,5.1,299.6189728
Central African Republic,2000,914500299.1,3759174,1.7,5.9,243.2716068
Central African Republic,2004,1270080251,4115146,2,6.9,308.6355262
Central African Republic,2008,1985239277,4467237,2.5,8,444.3998107
Central African Republic,2012,2184183758,4773306,3,9.4,457.5830165
Central African Republic,2016,1756124677,4904182,3.7,10.9,358.0871748
Chad,1992,1881847677,6302934,0.9,3,298.5669336
Chad,1996,1607345450,7200292,1.1,3.7,223.2333703
Chad,2000,1385058162,8259144,1.3,4.4,167.6999653
Chad,2004,4414929220,9613509,1.7,5.3,459.2422205
Chad,2008,10351932604,11098672,2,6.3,932.718131
Chad,2012,12368071039,12754912,2.5,7.5,969.6712168
Chad,2016,9600761474,14592587,3.1,8.9,657.9204547
Chile,1992,45964327559,13782300,13.8,20.5,3335.025907
Chile,1996,78039572222,14615489,15.4,22.1,5339.511543
Chile,2000,77860932152,15351803,17.1,23.8,5071.777703
Chile,2004,99210392858,16017966,19,25.5,6193.694809
Chile,2008,1.80E+11,16661463,20.9,27.3,10781.64625
Chile,2012,2.67E+11,17341770,22.8,29.1,15403.38731
Chile,2016,2.47E+11,18083880,24.9,31,13660.12161
China,1992,4.27E+11,1183813376,0.9,1.9,360.6277887
China,1996,8.64E+11,1228298880,1.3,2.4,703.2058842
China,2000,1.21E+12,1264099072,1.8,2.9,958.2714099
China,2004,1.96E+12,1296816768,2.4,3.6,1507.807462
China,2008,4.60E+12,1330167168,3.3,4.5,3456.866258
China,2012,8.56E+12,1366560768,4.5,5.5,6264.302474
China,2016,1.12E+13,1401889664,5.9,6.5,7988.574485
Colombia,1992,49279585355,33939044,7.8,16.2,1452.002754
Colombia,1996,97160109278,36632576,9.2,17.9,2652.287114
Colombia,2000,99886577331,39215136,10.7,19.5,2547.143463
Colombia,2004,1.17E+11,41648272,12.2,21.2,2811.040996
Colombia,2008,2.44E+11,43815316,13.9,22.9,5568.41813
Colombia,2012,3.70E+11,45782420,15.6,24.7,8074.278293
Colombia,2016,2.82E+11,47625960,17.6,26.6,5930.862076
Comoros,1992,266191040.4,452997,1.1,4.7,587.6220823
Comoros,1996,230495751.4,494289,1.4,5.6,466.3177845
Comoros,2000,203846427.7,536762,1.6,6.5,379.7706017
Comoros,2004,368143118.7,581161,1.9,7.6,633.4614998
Comoros,2008,523134897,629476,2.3,8.9,831.0640866
Comoros,2012,570865941.2,684564,2.7,10.4,833.9117178
Comoros,2016,616654490.4,746239,3.3,12.2,826.3498563
Costa Rica,1992,8528593084,3321943,7,14.4,2567.35082
Costa Rica,1996,11618286553,3656235,8.6,16.7,3177.66406
Costa Rica,2000,14949514585,3979189,10.5,19.1,3756.924988
Costa Rica,2004,18529767934,4252803,12.8,21.8,4357.071779
Costa Rica,2008,30612932803,4501921,15.4,24.7,6799.971124
Costa Rica,2012,46473128286,4736593,18.1,27.6,9811.509726
Costa Rica,2016,57435507212,4945205,21.1,30.4,11614.38347
Croatia,1996,23678012697,4758624,14,18,4975.810801
Croatia,2000,21774273832,4548438,15.7,19,4787.198118
Croatia,2004,41574530816,4443351,17.5,20.2,9356.571384
Croatia,2008,70481451814,4393666,19.6,21.5,16041.60439
Croatia,2012,56485301967,4331592,21.8,22.9,13040.30988
Croatia,2016,50714957391,4223748,24.1,24.5,12007.09829
Cuba,1992,22085858243,10783745,8.3,20,2048.069408
Cuba,1996,25017300000,10963036,9.7,21.7,2281.968243
Cuba,2000,30565400000,11105799,11.3,23.3,2752.2018
Cuba,2004,38203000000,11225296,12.9,25.1,3403.295557
Cuba,2008,60806300000,11276607,14.7,26.8,5392.25141
Cuba,2012,73141000000,11309292,16.7,28.5,6467.336771
Cyprus,1992,6912150456,810435,11.6,15.2,8528.938725
Cyprus,1996,9899623588,880064,13.3,16.5,11248.75417
Cyprus,2000,10183317625,948238,15,17.7,10739.2001
Cyprus,2004,17422375000,1018688,16.7,18.8,17102.75865
Cyprus,2008,27839460964,1092402,18.4,19.8,25484.63017
Cyprus,2012,25041372222,1156556,20.1,20.7,21651.67292
Cyprus,2016,20047013274,1197889,21.9,21.6,16735.28455
Czech Republic,1992,34590052812,10310956,16.6,21.4,3354.689207
Czech Republic,1996,66985765439,10295653,18,21.8,6506.218249
Czech Republic,2000,61649492817,10234712,19.4,22.3,6023.568892
Czech Republic,2004,1.19E+11,10261003,21,22.9,11613.09474
Czech Republic,2008,2.36E+11,10378586,22.7,23.6,22712.05345
Czech Republic,2012,2.07E+11,10511065,24.5,24.5,19729.30431
Czech Republic,2016,1.95E+11,10527584,26.4,25.4,18551.73989
Denmark,1992,1.53E+11,5175466,11.6,11.4,29546.32491
Denmark,1996,1.88E+11,5256002,13.2,12.3,35698.61655
Denmark,2000,1.64E+11,5340662,14.8,13.2,30737.57523
Denmark,2004,2.51E+11,5415583,16.5,14.1,46416.60926
Denmark,2008,3.53E+11,5502752,18.3,15,64215.32353
Denmark,2012,3.27E+11,5600955,20.2,16,58409.50338
Denmark,2016,3.07E+11,5706856,22.3,17,53777.4214
Djibouti,1992,478058304.9,623208,3.9,11.4,767.092696
Djibouti,1996,494004647.7,644659,4.5,12.3,766.3038098
Djibouti,2000,551230861.9,742046,5.2,13.3,742.8526829
Djibouti,2004,666072101.8,818380,5.9,14.4,813.8909819
Djibouti,2008,999105339.3,882893,6.7,15.6,1131.626754
Djibouti,2012,1353632942,954311,7.6,16.9,1418.440049
Dominica,1992,191759259.3,69135,8.3,22,2773.69291
Dominica,1996,236444444.4,69182,10.1,24.6,3417.716233
Dominica,2000,335845814.8,68365,11.7,26.7,4912.540259
Dominica,2004,374771481.5,68591,13.4,28.9,5463.857962
Dominica,2008,458190185.2,68794,15.3,31,6660.321906
Dominica,2012,485997988.1,68908,17.5,33.3,7052.852907
Dominica,2016,581484031.9,70098,19.9,35.6,8295.30132
Dominican Republic,1992,11277676880,7427347,6.8,17.7,1518.399084
Dominican Republic,1996,18131813001,8012315,8.1,19.8,2262.99303
Dominican Republic,2000,23996063503,8540790,9.9,22.2,2809.583599
Dominican Republic,2004,22039232610,9043135,12.1,25,2437.123034
Dominican Republic,2008,48288967303,9522954,14.7,28.1,5070.797077
Dominican Republic,2012,60613645121,10030885,17.8,31.2,6042.701628
Dominican Republic,2016,71583553488,10527589,21,34.1,6799.615134
Ecuador,1992,18094238119,10914222,6.2,14,1657.85872
Ecuador,1996,25226393197,11775223,7.4,15.8,2142.328277
Ecuador,2000,18327764882,12626511,8.8,17.5,1451.530425
Ecuador,2004,36591661000,13534598,10.2,19.3,2703.564672
Ecuador,2008,61762635000,14496800,11.6,21,4260.432302
Ecuador,2012,87924544000,15483884,13.2,22.8,5678.455354
Ecuador,2016,98613972000,16439588,14.9,24.7,5998.567117
Egypt,1992,41855986519,59989148,10.4,26.2,697.7259707
Egypt,1996,67629716981,65565196,11.8,28.3,1031.488062
Egypt,2000,99838543960,71371368,13.5,30.6,1398.85989
Egypt,2004,78845185293,77522424,15.4,33,1017.062951
Egypt,2008,1.63E+11,83844784,17.6,35.6,1941.897781
Egypt,2012,2.79E+11,91240384,20,38.3,3061.944588
Egypt,2016,3.33E+11,99784032,22.7,41.1,3335.112776
El Salvador,1992,5954700000,5552210,7,15,1072.491855
El Salvador,1996,10315500000,5797142,8.7,17.2,1779.411303
El Salvador,2000,13134100000,5958482,10.6,19.7,2204.269477
El Salvador,2004,15798300000,6035653,12.6,22.1,2617.4964
El Salvador,2008,21430950000,6068108,14.5,24.4,3531.735098
El Salvador,2012,23813600000,6161293,16.6,26.6,3865.032875
El Salvador,2016,26797470000,6250513,18.9,28.9,4287.243303
Equatorial Guinea,1992,134707184.4,501343,1,4.8,268.6926603
Equatorial Guinea,1996,232463036.4,582588,1.4,5.9,399.0178933
Equatorial Guinea,2000,1045998496,684986,1.8,7,1527.036313
Equatorial Guinea,2004,4410764339,826368,2.1,8.2,5337.530421
Equatorial Guinea,2008,19749893536,994982,2.6,9.5,19849.49832
Equatorial Guinea,2012,22389627294,1193641,3.1,10.9,18757.42145
Equatorial Guinea,2016,10684804794,1398940,3.8,12.6,7637.78632
Eritrea,1992,477101651.6,1921162,0.5,2.3,248.340146
Eritrea,1996,693535954.2,2264083,0.7,2.8,306.3209053
Eritrea,2000,706370815.6,2392888,0.8,3.4,295.1959371
Eritrea,2004,1109054005,2763143,1,4.2,401.3740892
Eritrea,2008,1380188800,3005783,1.3,5.1,459.1777916
Estonia,1996,4746109767,1434670,13.1,19.4,3308.154326
Estonia,2000,5685774809,1396881,14.3,19.6,4070.335848
Estonia,2004,12059201242,1362489,15.7,20,8850.861359
Estonia,2008,24194039256,1337013,17.1,20.5,18095.59014
Estonia,2012,23043864510,1322682,18.7,21.1,17422.07463
Estonia,2016,23337907619,1315928,20.3,21.8,17734.94266
Ethiopia,1992,10492993078,52011560,0.5,2,201.7434793
Ethiopia,1996,8547939731,59347656,0.6,2.5,144.0316317
Ethiopia,2000,8242392104,67031872,0.8,3.1,122.9622843
Ethiopia,2004,10131187261,75301024,1,3.8,134.5424899
Ethiopia,2008,27066912635,84357104,1.2,4.6,320.8610935
Ethiopia,2012,43310721414,94451280,1.5,5.7,458.5509208
Ethiopia,2016,72374224249,105293232,1.9,6.9,687.3587492
Fiji,1992,1531803061,786860,11.2,21.5,1946.728848
Fiji,1996,2129266728,796542,13.3,24,2673.138049
Fiji,2000,1684109743,832516,15.4,26.5,2022.915767
Fiji,2004,2727507213,866699,17.6,28.7,3147.0063
Fiji,2008,3523185920,896728,19.9,30.9,3928.934883
Fiji,2012,3972012571,911067,22.4,33.1,4359.737068
Fiji,2016,4703632978,918371,25.1,35.3,5121.713314
Finland,1992,1.13E+11,5042120,12.7,13.5,22336.83451
Finland,1996,1.32E+11,5124717,14.6,14.9,25776.83802
Finland,2000,1.26E+11,5176208,16.4,16.1,24253.27576
Finland,2004,1.97E+11,5228143,18.2,17.3,37636.30796
Finland,2008,2.84E+11,5313358,20,18.4,53401.63415
Finland,2012,2.57E+11,5413865,21.8,19.5,47416.40215
Finland,2016,2.39E+11,5495217,23.7,20.6,43401.92571
France,1992,1.41E+12,56864048,11.7,14.5,24773.47374
France,1996,1.61E+12,57623180,13.2,15.6,28013.89996
France,2000,1.37E+12,58665456,14.8,16.7,23326.16319
France,2004,2.12E+12,60108436,16.5,17.8,35337.9682
France,2008,2.92E+12,61721004,18.2,18.9,47365.88536
France,2012,2.68E+12,63071412,20.1,20,42514.03156
France,2016,2.47E+12,63989320,22,21.1,38529.08579
Gabon,1992,5592390849,1037451,2.8,9.7,5390.510828
Gabon,1996,5694040337,1150602,3.7,11.6,4948.748861
Gabon,2000,5067865321,1272941,4.7,13.5,3981.225619
Gabon,2004,7756293575,1417115,5.8,15.3,5473.298621
Gabon,2008,15508574820,1599988,7,17,9692.931959
Gabon,2012,17171446922,1836711,8.3,18.7,9349.019482
Gabon,2016,14213558130,2086210,9.6,20.3,6813.100373
Gambia,1992,714255460.5,1127156,1.2,4.9,633.6793314
Gambia,1996,848237108.6,1279066,1.6,6.1,663.1691473
Gambia,2000,782915402.4,1437540,2.1,7.6,544.621647
Gambia,2004,578785279.4,1612237,2.8,9.2,358.9951598
Gambia,2008,965769127.1,1820544,3.6,11,530.4838153
Gambia,2012,910026287.3,2061020,4.5,12.9,441.5417062
Gambia,2016,964599178.1,2317212,5.6,14.8,416.2757564
Georgia,1992,3690328964,5239325,8.7,13.3,704.351985
Georgia,1996,3094915506,4761277,9.9,14.6,650.0179481
Georgia,2000,3057453483,4265175,11.1,15.9,716.8412745
Georgia,2004,5125273881,3988861,12.6,17.4,1284.896586
Georgia,2008,12795044473,3879701,14.5,19.2,3297.94602
Georgia,2012,15846474596,3804358,16.6,21.4,4165.347897
Georgia,2016,14378016729,3771112,19.2,23.8,3812.672954
Germany,1992,2.12E+12,80205032,13.1,13.5,26471.28175
Germany,1996,2.50E+12,81300864,14.8,14.7,30795.12169
Germany,2000,1.95E+12,81551680,16.5,15.8,23910.60491
Germany,2004,2.82E+12,81266672,18.3,16.9,34691.34309
Germany,2008,3.75E+12,81217488,20.1,18,46201.50281
Germany,2012,3.54E+12,81545568,22.1,19.2,43460.11791
Germany,2016,3.48E+12,82331432,24.2,20.4,42241.46132
Ghana,1992,6413901602,16241548,1.1,6,394.9070373
Ghana,1996,6934984709,17844012,1.4,7.4,388.6449252
Ghana,2000,4983024408,19665506,1.9,9,253.3890767
Ghana,2004,8881368538,21906448,2.4,10.8,405.4225741
Ghana,2008,28526891010,24326092,3,12.6,1172.686966
Ghana,2012,41939728979,26858760,3.7,14.6,1561.491632
Ghana,2016,42689783734,29554298,4.5,16.6,1444.452639
Great Britain,1992,1.18E+12,57509240,13.2,16.4,20512.52981
Great Britain,1996,1.41E+12,58078584,15,18.2,24256.44537
Great Britain,2000,1.65E+12,58850044,17.1,20.1,28002.52792
Great Britain,2004,2.40E+12,59995852,19.3,22.2,39978.76387
Great Britain,2008,2.89E+12,61742152,21.8,24.3,46816.63833
Great Britain,2012,2.66E+12,63808728,24.3,26.5,41719.84121
Great Britain,2016,2.65E+12,65655204,26.9,28.6,40330.39026
Greece,1992,1.16E+11,10478389,12.7,18.3,11091.87681
Greece,1996,1.46E+11,10803809,14.4,19.6,13500.97915
Greece,2000,1.30E+11,11038112,16,20.8,11789.51618
Greece,2004,2.41E+11,11115089,17.9,22,21639.14297
Greece,2008,3.54E+11,11073621,19.9,23.2,32009.49355
Greece,2012,2.46E+11,10963633,22,24.3,22407.80953
Greece,2016,1.93E+11,10749742,24.2,25.4,17925.17439
Grenada,1992,310160444.4,101054,4.8,15,3069.254502
Grenada,1996,366911444.4,104862,5.8,17,3498.993386
Grenada,2000,520044370.4,107442,7.1,19.3,4840.233525
Grenada,2004,599118592.6,109529,8.4,21.7,5469.954009
Grenada,2008,825977888.9,112497,9.9,24,7342.221472
Grenada,2012,799882148.1,115930,11.5,26.5,6899.699371
Grenada,2016,1056188593,119973,13.3,29,8803.552408
Guatemala,1992,10440842165,9576630,5.7,13.5,1090.241783
Guatemala,1996,15674852771,10632295,6.8,15.3,1474.268046
Guatemala,2000,19288926545,11735893,8.2,17.3,1643.58405
Guatemala,2004,23965275996,12852433,9.6,19.4,1864.648973
Guatemala,2008,39136893345,13979451,11.3,21.6,2799.601597
Guatemala,2012,50388454861,15128307,13.1,24,3330.739842
Guatemala,2016,68763255964,16291004,15.1,26.4,4220.934202
Guinea,1992,3284625277,6832196,1,3.9,480.7568865
Guinea,1996,3869032271,7683120,1.2,4.8,503.575666
Guinea,2000,2995360969,8336973,1.5,5.7,359.2863944
Guinea,2004,3666349049,8961046,1.9,6.9,409.1429783
Guinea,2008,6963961726,9779793,2.4,8.2,712.0765977
Guinea,2012,7387103675,10788696,3,9.8,684.7077418
Guinea,2016,8200248003,11930991,3.7,11.5,687.3065283
Guyana,1992,368281378.9,744999,4.4,13.9,494.3380849
Guyana,1996,705406001.4,753577,5.3,15.6,936.0768726
Guyana,2000,712667896.7,759059,6.3,17.5,938.8834026
Guyana,2004,785918769.6,760428,7.5,19.6,1033.521608
Guyana,2008,1922598121,754159,9,21.9,2549.327292
Guyana,2012,2861562266,743970,10.6,24.4,3846.340936
Guyana,2016,3502397094,759097,12.7,27.1,4613.89927
Haiti,1992,2257129874,7205779,4.2,10.2,313.2388426
Haiti,1996,2907517543,7770602,5.4,12.4,374.1688923
Haiti,2000,3953839594,8360224,6.9,14.6,472.9346479
Haiti,2004,3537721020,8961495,8.8,17.3,394.769067
Haiti,2008,6548530572,9575251,11.4,20.4,683.9017141
Haiti,2012,7890216508,10108541,14.5,23.7,780.5494886
Haiti,2016,8022638722,10713845,17.9,26.9,748.8104151
Honduras,1992,3419487441,5344774,5.5,13,639.7814839
Honduras,1996,4034037162,5976553,6.7,14.9,674.9772255
Honduras,2000,7103529494,6656727,8.1,17,1067.120447
Honduras,2004,8772194250,7383408,9.7,19.3,1188.095558
Honduras,2008,13789715133,8101776,11.4,21.7,1702.060774
Honduras,2012,18528506894,8792370,13.4,24.2,2107.339306
Honduras,2016,21516938910,9460798,15.6,26.9,2274.326004
Hungary,1992,38724945368,10370067,16,18.6,3734.300402
Hungary,1996,46659796773,10308272,17.5,19.2,4526.44214
Hungary,2000,47310623887,10202054,19.1,19.8,4637.362622
Hungary,2004,1.04E+11,10094499,20.9,20.7,10309.27835
Hungary,2008,1.58E+11,10023508,23.2,21.9,15762.74494
Hungary,2012,1.28E+11,9922133,25.6,23.2,12886.03973
Hungary,2016,1.26E+11,9815106,28.2,24.6,12818.71026
Iceland,1992,7138787995,261275,12.9,13.6,27322.88966
Iceland,1996,7501950116,269140,14.6,14.7,27873.78359
Iceland,2000,8946079678,281469,16.4,15.7,31783.53452
Iceland,2004,13703315349,292364,18.2,16.7,46870.73425
Iceland,2008,17640375722,317722,20.1,17.6,55521.41722
Iceland,2012,14218575093,320988,22.1,18.5,44296.28239
Iceland,2016,20047413006,335677,24.2,19.4,59722.33131
India,1992,2.84E+11,907574080,0.6,1.5,313.3231835
India,1996,3.88E+11,983281216,0.7,1.9,394.2473361
India,2000,4.62E+11,1059633664,1,2.3,436.1384653
India,2004,7.00E+11,1136264576,1.3,2.8,615.7799995
India,2008,1.19E+12,1206734848,1.6,3.4,983.6046435
India,2012,1.83E+12,1274487168,2.1,4.2,1434.01993
India,2016,2.26E+12,1338636288,2.7,5.1,1691.116564
Indonesia,1992,1.36E+11,188558416,0.6,2.2,722.9271591
Indonesia,1996,2.42E+11,201373792,0.9,2.9,1202.172326
Indonesia,2000,1.76E+11,214072416,1.3,3.8,820.7596443
Indonesia,2004,2.73E+11,225938592,1.9,4.8,1210.333293
Indonesia,2008,5.43E+11,237936544,2.6,6,2283.18858
Indonesia,2012,9.18E+11,250222688,3.6,7.3,3668.212532
Indonesia,2016,9.32E+11,261850176,4.8,8.9,3560.276393
Iran,1996,1.20E+11,61598380,8.6,20.7,1954.661795
Iran,2000,1.10E+11,65544380,10.3,23,1672.027411
Iran,2004,1.90E+11,69061680,12.3,25.3,2751.786519
Iran,2008,4.06E+11,73318400,14.4,27.6,5538.45965
Iran,2012,5.99E+11,77324448,16.7,29.9,7744.67863
Iran,2016,4.19E+11,83306232,19.3,32.2,5029.359628
Iraq,2004,36627901762,27858950,16.7,30.8,1314.762465
Iraq,2008,1.32E+11,29218384,18.7,32.7,4504.492788
Iraq,2012,2.18E+11,33864452,20.9,34.8,6437.458371
Iraq,2016,1.71E+11,38697940,23.4,37,4431.476197
Ireland,1992,55985505159,3528370,11.5,12.6,15867.24328
Ireland,1996,75880630040,3606725,13.3,14.4,21038.65142
Ireland,2000,99853528745,3768954,15.4,16.5,26493.69792
Ireland,2004,1.94E+11,4031961,17.6,18.6,48083.30239
Ireland,2008,2.75E+11,4452393,19.9,20.8,61769.03072
Ireland,2012,2.26E+11,4564550,22.4,23.1,49418.234
Ireland,2016,3.05E+11,4715791,25.1,25.5,64637.93667
Israel,1992,75575902932,5079388,15.5,21.1,14878.93875
Israel,1996,1.10E+11,5612491,17.2,22.1,19591.47908
Israel,2000,1.32E+11,6116955,18.8,23.1,21634.78397
Israel,2004,1.35E+11,6595990,20.5,24,20534.44593
Israel,2008,2.16E+11,7074530,22.3,24.8,30509.44727
Israel,2012,2.57E+11,7592099,24,25.5,33890.10075
Israel,2016,3.18E+11,8159015,25.9,26.2,38944.0392
Italy,1992,1.32E+12,56833184,11.2,13.9,23152.14295
Italy,1996,1.31E+12,56898972,12.5,14.9,23004.4578
Italy,2000,1.14E+12,56966400,14,15.9,20042.69183
Italy,2004,1.80E+12,57860664,15.5,16.8,31080.00973
Italy,2008,2.39E+12,59224228,17,17.8,40367.43206
Italy,2012,2.07E+12,60190152,18.5,18.6,34437.85954
Italy,2016,1.86E+12,60118628,20.1,19.5,30920.69899
Jamaica,1992,3530892749,2434580,5.5,19.3,1450.30878
Jamaica,1996,6504445801,2532895,6.5,21.4,2567.988725
Jamaica,2000,8929375580,2612203,7.8,23.7,3418.331416
Jamaica,2004,10150978155,2664027,9.4,26.1,3810.388617
Jamaica,2008,13678606692,2711378,11.1,28.5,5044.891082
Jamaica,2012,14800165407,2759819,13,30.9,5362.730457
Jamaica,2016,14056908749,2802699,15.3,33.4,5015.489979
Japan,1992,3.90E+12,124444696,1.3,1.9,31321.7849
Japan,1996,4.83E+12,125726224,1.5,2.1,38446.31491
Japan,2000,4.89E+12,126803864,1.9,2.2,38543.93585
Japan,2004,4.82E+12,127671288,2.4,2.5,37715.2144
Japan,2008,5.04E+12,128077632,3.1,2.9,39334.81531
Japan,2012,6.20E+12,127853688,3.9,3.3,48518.03727
Japan,2016,4.94E+12,126993856,4.8,3.7,38900.77958
Jordan,1992,5311329067,3866894,13.7,29.7,1373.538832
Jordan,1996,6928359238,4608685,16.2,32.6,1503.326706
Jordan,2000,8460424401,5056172,18.5,34.9,1673.28651
Jordan,2004,11411390409,5532426,20.7,37,2062.637694
Jordan,2008,21972004086,6632880,23,38.9,3312.588813
Jordan,2012,30937277606,7211866,25.5,41,4289.774326
Jordan,2016,38654727746,9964659,28.2,43.1,3879.182192
Kazakhstan,1992,24906939560,17043420,9.1,13.1,1461.381551
Kazakhstan,1996,21035357833,16144248,10.3,14.4,1302.963002
Kazakhstan,2000,18291990619,15236256,11.7,15.7,1200.556792
Kazakhstan,2004,43151647003,15521921,13.2,17.2,2780.045524
Kazakhstan,2008,1.33E+11,16196521,14.8,18.9,8238.929829
Kazakhstan,2012,2.08E+11,17102868,16.7,20.7,12161.64447
Kazakhstan,2016,1.37E+11,18078558,18.9,22.7,7593.41536
Kenya,1992,8209129172,24655724,0.7,3.5,332.9502379
Kenya,1996,12045858436,27615736,0.9,4.3,436.1954516
Kenya,2000,12705357103,30851604,1.1,5.2,411.8216059
Kenya,2004,16095337094,34791836,1.4,6.4,462.6182158
Kenya,2008,35895153328,39186896,1.8,7.7,915.9988923
Kenya,2012,50412754822,43725808,2.3,9.3,1152.929062
Kenya,2016,70529014778,47894668,2.8,11.1,1472.585942
Kiribati,1992,47737955.35,77922,22.7,34.1,612.6377063
Kiribati,1996,66515376.79,82848,25.6,37.1,802.8603803
Kiribati,2000,67254174.4,88840,29.2,40.5,757.0258262
Kiribati,2004,102367039.3,96239,32.7,43.6,1063.675218
Kiribati,2008,139125482.3,103981,35.8,46,1337.989462
Kiribati,2012,188045661.6,111630,38.7,48.2,1684.544133
Kiribati,2016,181551484.9,118529,41.6,50.4,1531.705194
Kuwait,1992,19858555215,1620639,20.5,36.8,12253.53408
Kuwait,1996,31493987642,1703318,22.3,38.1,18489.78737
Kuwait,2000,37711864407,1934910,24.1,39.5,19490.24213
Kuwait,2004,59440108585,2153485,26.1,40.9,27601.82151
Kuwait,2008,1.47E+11,2650941,28.3,42.4,55601.38834
Kuwait,2012,1.74E+11,3394668,30.7,44,51277.47397
Kuwait,2016,1.11E+11,4048090,33.3,45.6,27389.70724
Kyrgyzstan,1992,2316562500,4501258,5.8,9.1,514.647794
Kyrgyzstan,1996,1827570586,4666586,6.7,10.1,391.629038
Kyrgyzstan,2000,1369693171,4935185,7.6,11.3,277.5363377
Kyrgyzstan,2004,2211535312,5137043,8.8,12.7,430.5074557
Kyrgyzstan,2008,5139957785,5345425,10.3,14.4,961.5620432
Kyrgyzstan,2012,6605139933,5631955,12,16.4,1172.797001
Kyrgyzstan,2016,6551287938,6018303,14,18.6,1088.560669
Latvia,1996,5970044666,2534288,13.7,22.2,2355.708848
Latvia,2000,7937758980,2392536,15,22.6,3317.717677
Latvia,2004,14373269156,2263453,16.5,23.1,6350.151364
Latvia,2008,35596016664,2150411,18.1,23.7,16553.12248
Latvia,2012,28119996053,2053635,19.8,24.4,13692.79159
Latvia,2016,27572698482,1973477,21.6,25.1,13971.63407
Lebanon,1992,5545921947,3745410,14.7,26.6,1480.724927
Lebanon,1996,13690217333,4034250,16.6,28.4,3393.497511
Lebanon,2000,17260364842,4320650,18.6,30.1,3994.853747
Lebanon,2004,20955223881,4574799,20.5,31.8,4580.57805
Lebanon,2008,29227350570,4887615,22.7,33.4,5979.879874
Lebanon,2012,43868565282,5178338,24.9,35.2,8471.553089
Lebanon,2016,49598825982,6258628,27.4,37,7924.87203
Lesotho,1992,831033941.1,1858515,1,11.9,447.1494398
Lesotho,1996,946123275.9,1955102,1.4,14,483.9252765
Lesotho,2000,887295267.9,1998632,1.8,16.3,443.9512966
Lesotho,2004,1511236656,1985386,2.3,18.8,761.1802722
Lesotho,2008,1870722801,1995016,2.9,21.4,937.6981443
Lesotho,2012,2678494689,2054722,3.7,24,1303.58009
Lesotho,2016,2291321667,2143876,4.6,26.7,1068.775278
Liberia,1992,223500000,2052633,2.2,7,108.88454
Liberia,1996,159400000,2203974,2.5,7.7,72.32390219
Liberia,2000,529064600,2895229,2.7,8.3,182.7367023
Liberia,2004,474700000,3122448,3.1,9.3,152.0281523
Liberia,2008,850040500,3783892,3.8,10.8,224.6471358
Liberia,2012,1735500000,4331749,4.5,12.4,400.6464825
Liberia,2016,2101000000,4706106,5.5,14.2,446.4412829
Libya,1992,33881392045,4444827,13,28.5,7622.65709
Libya,1996,27884615385,4820077,14.5,30.2,5785.097496
Libya,2000,38270206950,5154789,16.2,31.8,7424.204356
Libya,2004,33122307692,5687561,18,33.6,5823.639991
Libya,2008,87140405361,6228377,20.1,35.5,13990.86879
Lithuania,1996,8385109020,3722023,15.8,24.6,2252.836433
Lithuania,2000,11539211480,3599639,17.3,25.1,3205.657978
Lithuania,2004,22649930576,3422593,18.8,25.6,6617.769211
Lithuania,2008,47850551149,3224384,20.5,26.3,14840.2148
Lithuania,2012,42847900766,3063340,22.3,27,13987.31475
Lithuania,2016,42738875963,2933676,24.2,27.8,14568.3695
Luxembourg,1992,16065740778,391524,12.4,13.2,41033.85943
Luxembourg,1996,21776609772,413202,14.1,14.4,52702.09189
Luxembourg,2000,21263514833,435634,15.9,15.7,48810.50339
Luxembourg,2004,34685281848,457798,17.9,16.9,75765.47265
Luxembourg,2008,55849686539,488643,20,18.2,114295.4806
Luxembourg,2012,56677961787,530596,22.2,19.5,106819.4291
Luxembourg,2016,58631324559,583355,24.5,20.7,100507.109
Macedonia,1992,2316618543,2018024,12.5,16.6,1147.963822
Macedonia,1996,4422160018,1994230,14.2,17.6,2217.477431
Macedonia,2000,3772851420,2037940,15.7,18.4,1851.306427
Macedonia,2004,5682719260,2075879,17.2,19.1,2737.50024
Macedonia,2008,9909548411,2086228,18.8,19.9,4749.98342
Macedonia,2012,9745251126,2099486,20.6,20.9,4641.731893
Macedonia,2016,10899583155,2110194,22.6,22.1,5165.204315
Madagascar,1992,3024459564,12623342,0.7,2.2,239.5926185
Madagascar,1996,3995028593,14317462,0.9,2.8,279.0318978
Madagascar,2000,3877673539,16216432,1.2,3.4,239.1200197
Madagascar,2004,4363934494,18250776,1.4,4.1,239.1095312
Madagascar,2008,9413002921,20513594,1.8,5,458.8665897
Madagascar,2012,9919780071,22966242,2.3,6.2,431.9287444
Madagascar,2016,10001193420,25501944,3,7.5,392.173766
Malawi,1992,1799529357,10115423,0.6,2.8,177.8995655
Malawi,1996,2281039098,10310525,0.7,3.4,221.2340398
Malawi,2000,1743506287,11229380,0.9,4.2,155.2629163
Malawi,2004,3476094499,12411343,1.2,5.2,280.0740016
Malawi,2008,5320925102,13889420,1.5,6.3,383.0919579
Malawi,2012,6028470989,15581250,1.8,7.6,386.9054786
Malawi,2016,5433038647,17405624,2.2,9.1,312.1427101
Malaysia,1992,59167157498,18526708,2.5,6,3193.614187
Malaysia,1996,1.01E+11,20689060,3.5,7.5,4874.798565
Malaysia,2000,93789736842,22945152,4.8,9.3,4087.562237
Malaysia,2004,1.25E+11,25333250,6.4,11.3,4924.358304
Malaysia,2008,2.31E+11,27664304,8.3,13.4,8343.387204
Malaysia,2012,3.14E+11,29660216,10.5,15.6,10601.50742
Malaysia,2016,2.97E+11,31526414,13,17.9,9405.954004
Maldives,1992,284853358.6,239146,0.9,3.1,1191.127423
Maldives,1996,450382328,263861,1.2,3.7,1706.892371
Maldives,2000,624337145.3,282520,1.5,4.6,2209.88654
Maldives,2004,1226829565,302142,2.1,5.8,4060.440339
Maldives,2008,2271646188,336890,3,7.4,6742.990852
Maldives,2012,2886170570,387552,4.3,9.3,7447.182752
Maldives,2016,4224209599,454263,5.8,11.4,9299.039541
Mali,1992,2830673389,9310571,1,3.7,304.0279043
Mali,1996,2780422212,10131913,1.3,4.6,274.4222352
Mali,2000,2954129566,11239103,1.6,5.7,262.8438912
Mali,2004,5444474268,12751997,2.1,7.1,426.9507174
Mali,2008,9750822511,14551122,2.8,8.6,670.1079484
Mali,2012,12442747897,16514689,3.6,10.4,753.4351932
Mali,2016,14034980334,18700108,4.6,12.4,750.5293731
Malta,1992,3021910217,371892,17.6,22.7,8125.773657
Malta,1996,3570271558,385271,19.3,23.7,9266.909677
Malta,2000,4306192436,399212,21.2,24.8,10786.73095
Malta,2004,6062780269,408805,23.2,25.9,14830.49441
Malta,2008,8977149553,413407,25.2,26.9,21715.04003
Malta,2012,9203729739,429912,27.1,27.7,21408.4039
Malta,2016,10999047580,467717,29.2,28.5,23516.45884
Marshall Islands,1992,91063000,48032,31.6,45.7,1895.881912
Marshall Islands,1996,110858000,51556,34.5,48,2150.244394
Marshall Islands,2000,110937700,54243,37.3,50.1,2045.198459
Marshall Islands,2004,131334600,54452,40.1,52,2411.933446
Marshall Islands,2008,152788700,53833,42.9,53.9,2838.19776
Marshall Islands,2012,185210500,52223,45.7,55.7,3546.531222
Marshall Islands,2016,194497900,48354,48.4,57.3,4022.374571
Mauritania,1992,1464392416,2147536,1.6,6.9,681.8942341
Mauritania,1996,1442598431,2428830,2.2,8.5,593.9478807
Mauritania,2000,1293654175,2695018,2.8,10.3,480.016896
Mauritania,2004,1833444740,2946583,3.6,12.2,622.2274207
Mauritania,2008,3978425881,3233342,4.4,14.2,1230.437696
Mauritania,2012,5225533500,3636122,5.4,16.3,1437.117209
Mauritania,2016,4739298730,4051896,6.6,18.5,1169.649648
Mauritius,1992,3224267548,1118719,2.4,8,2882.10672
Mauritius,1996,4421943910,1172545,2.8,9,3771.235995
Mauritius,2000,4582555125,1215930,3.3,10.1,3768.765574
Mauritius,2004,6385695187,1250388,3.8,11.3,5106.970946
Mauritius,2008,9990370016,1275691,4.3,12.6,7831.340047
Mauritius,2012,11668685524,1288753,4.9,14,9054.245091
Mauritius,2016,12168437744,1293909,5.6,15.7,9404.399957
Mexico,1992,3.64E+11,84993160,12.3,21,4278.097202
Mexico,1996,3.97E+11,91586560,14.2,23,4339.108271
Mexico,2000,6.84E+11,97873448,16.1,24.9,6985.020084
Mexico,2004,7.70E+11,103945816,18.1,26.8,7410.283835
Mexico,2008,1.10E+12,109684496,20.1,28.8,10040.43452
Mexico,2012,1.19E+12,115755912,22.2,30.8,10250.88032
Mexico,2016,1.05E+12,121519224,24.3,32.8,8615.262388
Moldova,1996,1695130457,4430199,9.1,16.8,382.6307705
Moldova,2000,1288429151,4251571,10.3,17.5,303.0477795
Moldova,2004,2598231467,4046998,11.6,18.2,642.0145172
Moldova,2008,6054806101,3812420,12.9,19.1,1588.179188
Moldova,2012,7284686576,3507197,14.5,20,2077.067977
Moldova,2016,6749515655,3225125,16.2,21.1,2092.791955
Mongolia,1992,1317611864,2236503,6.5,11.9,589.1393233
Mongolia,1996,1345719472,2357038,7.5,13.1,570.9366892
Mongolia,2000,1136896124,2450988,8.6,14.4,463.8521788
Mongolia,2004,1992066808,2537955,10.2,16.1,784.9102163
Mongolia,2008,5623216449,2633896,12.3,18.3,2134.942476
Mongolia,2012,12292770631,2792354,14.8,20.8,4402.29664
Mongolia,2016,11183458131,3029559,17.5,23.2,3691.447544
Montenegro,2000,984279598.3,633330,14.5,17.6,1554.133861
Montenegro,2004,2073255525,632550,16.8,19.2,3277.615248
Montenegro,2008,4545674528,631475,19.1,20.7,7198.502756
Montenegro,2012,4087724528,633053,21.2,21.9,6457.160029
Montenegro,2016,4374127212,633264,23.3,23.1,6907.272815
Morocco,1992,33711069431,25400676,7.4,17.8,1327.172136
Morocco,1996,43161452678,26999094,8.9,20.1,1598.625964
Morocco,2000,38857251336,28554420,10.6,22.3,1360.813889
Morocco,2004,59626020162,30033124,12.3,24.5,1985.341923
Morocco,2008,92507257784,31634996,14.4,26.9,2924.206401
Morocco,2012,98266306615,33352166,16.7,29.5,2946.324584
Morocco,2016,1.04E+11,35107272,19.4,32.2,2951.126479
Mozambique,1992,2291175765,13816886,0.9,3.6,165.8243229
Mozambique,1996,3523842275,16079560,1.2,4.5,219.1504167
Mozambique,2000,5016469069,17768510,1.5,5.5,282.3235639
Mozambique,2004,6831808930,19694412,1.8,6.5,346.8907287
Mozambique,2008,11494837053,21845572,2.2,7.7,526.186133
Mozambique,2012,14534278446,24487614,2.7,9,593.5359176
Mozambique,2016,11014858592,27696500,3.3,10.5,397.6985753
Myanmar,2000,8905066164,45538340,1.2,3.1,195.5509613
Myanmar,2004,10567354056,47338444,1.7,3.8,223.2298564
Myanmar,2008,31862554102,48729480,2.2,4.7,653.8660807
Myanmar,2012,59937797559,50218196,3,5.9,1193.547406
Myanmar,2016,63225097051,51892352,4,7.3,1218.389505
Namibia,1992,3448326858,1461694,1.7,11.6,2359.130473
Namibia,1996,3945340776,1650077,2.2,13.3,2391.004042
Namibia,2000,3908661518,1819148,2.8,15.3,2148.622057
Namibia,2004,6606858786,1939405,3.6,17.5,3406.642133
Namibia,2008,8486721917,2038556,4.6,20,4163.104627
Namibia,2012,13016272899,2167474,5.9,22.7,6005.272912
Namibia,2016,10947880690,2323351,7.5,25.4,4712.107938
Nauru,2008,39333572.32,10267,54.9,61.4,3831.067724
Nauru,2012,103811958.8,10464,56.8,62.4,9920.867622
Nauru,2016,102060129.6,11463,58.7,63.3,8903.439728
Nepal,1992,3401211581,20702138,0.5,1.3,164.2927692
Nepal,1996,4521580381,22783972,0.7,1.7,198.454439
Nepal,2000,5494252208,24559504,0.9,2.2,223.7118554
Nepal,2004,7273938315,26003970,1.2,2.8,279.7241465
Nepal,2008,12545438605,26881542,1.6,3.5,466.6934138
Nepal,2012,18851513891,27330696,2.1,4.4,689.7560856
Nepal,2016,21131983246,27861186,2.7,5.4,758.4739302
Netherlands,1992,3.58E+11,15150688,8.5,10.9,23651.07116
Netherlands,1996,4.46E+11,15538617,10.1,12.3,28683.69817
Netherlands,2000,4.13E+11,15899138,12,13.9,25964.11202
Netherlands,2004,6.51E+11,16196036,14,15.5,40166.18634
Netherlands,2008,9.36E+11,16460775,16.3,17.2,56876.30139
Netherlands,2012,8.29E+11,16785294,18.5,18.7,49385.31312
Netherlands,2016,7.77E+11,17124512,20.8,20,45386.87
New Zealand,1992,41649298171,3532568,15.9,18.7,11790.091
New Zealand,1996,70140835299,3728460,18,20.7,18812.28049
New Zealand,2000,52623281957,3855266,20.2,22.8,13649.71495
New Zealand,2004,1.04E+11,4081415,22.6,24.9,25458.32757
New Zealand,2008,1.33E+11,4260235,25,27.1,31284.65918
New Zealand,2012,1.76E+11,4410285,27.5,29.2,39950.47939
New Zealand,2016,1.85E+11,4668088,30.1,31.4,39624.1459
Nicaragua,1992,1792800000,4427177,7.7,16.5,404.9533145
Nicaragua,1996,4308351903,4812391,9,18.4,895.262231
Nicaragua,2000,5107329007,5123223,10.5,20.3,996.8976574
Nicaragua,2004,5795568205,5386220,12.1,22.3,1075.999162
Nicaragua,2008,8496965842,5687752,13.9,24.5,1493.905825
Nicaragua,2012,10532001130,6030605,15.8,26.7,1746.425297
Nicaragua,2016,13230844687,6389237,17.9,29,2070.801989
Niger,1992,2344987614,8907642,0.6,2.7,263.2557094
Niger,1996,1987770899,10149939,0.8,3.3,195.8406744
Niger,2000,1798374468,11622673,1,4,154.7298516
Niger,2004,3052898739,13366889,1.3,4.9,228.3926154
Niger,2008,5403363917,15455181,1.6,6,349.6150525
Niger,2012,6942209595,17954410,2,7.2,386.6576287
Niger,2016,7528387858,20921748,2.5,8.7,359.8355098
Nigeria,1992,29300903643,100182048,1,4,292.4765886
Nigeria,1996,34987951375,110956184,1.3,5,315.3312426
Nigeria,2000,46386011231,122851984,1.7,6.2,377.5764112
Nigeria,2004,87845420504,136756848,2.2,7.6,642.3475079
Nigeria,2008,2.08E+11,152382512,2.8,9.2,1365.412588
Nigeria,2012,4.61E+11,170075936,3.6,11,2710.283482
Nigeria,2016,4.05E+11,188666928,4.6,13.1,2144.800916
Norway,1992,1.31E+11,4286560,11.3,13.8,30522.84349
Norway,1996,1.64E+11,4381511,13.1,15.2,37320.00216
Norway,2000,1.71E+11,4491204,15,16.8,38144.78256
Norway,2004,2.64E+11,4592284,17.1,18.3,57565.47287
Norway,2008,4.63E+11,4768654,19.2,19.7,96998.85964
Norway,2012,5.10E+11,5019058,21.3,21.1,101658.3192
Norway,2016,3.71E+11,5236591,23.6,22.5,70862.13149
Oman,1992,12452275683,1985234,9.1,19.8,6272.44732
Oman,1996,15277763329,2209965,11.4,22.6,6913.124565
Oman,2000,19507412224,2344261,13.3,24.7,8321.348273
Oman,2004,24763589077,2468860,15.2,26.6,10030.37397
Oman,2008,60905331599,2651032,17.3,28.7,22974.19707
Oman,2012,76689583355,3535585,20,31.1,21690.77631
Oman,2016,66293368010,4398080,22.9,33.7,15073.25197
Pakistan,1992,48635176853,122375176,1.5,3.8,397.4268184
Pakistan,1996,63320122807,137234816,1.9,4.6,461.3998448
Pakistan,2000,73952374970,154369920,2.4,5.6,479.0594889
Pakistan,2004,97977766198,170648624,3,6.7,574.1491721
Pakistan,2008,1.70E+11,185931952,3.8,8,914.7325039
Pakistan,2012,2.24E+11,202205856,4.8,9.5,1109.681017
Pakistan,2016,2.79E+11,213524848,6,11.3,1306.23205
Palau,1992,82451000,16030,34,46.8,5143.543356
Palau,1996,108203000,17759,36.9,49,6092.854327
Palau,2000,147832600,19745,39.3,50.6,7487.090403
Palau,2004,173373900,19927,42.2,52.6,8700.451649
Palau,2008,196711500,19121,45.7,55,10287.72031
Palau,2012,215095100,17974,49,57.1,11967.01346
Palau,2016,310248300,17840,51.8,58.8,17390.59978
Panama,1992,8042337700,2554387,7,14.8,3148.441368
Panama,1996,9870494000,2771607,8.5,16.9,3561.289173
Panama,2000,12304115000,3001738,10.3,19.1,4098.996981
Panama,2004,15013381700,3243310,12.1,21.3,4629.030743
Panama,2008,24522200000,3495284,13.9,23.4,7015.796141
Panama,2012,39954761200,3754871,15.7,25.4,10640.78132
Panama,2016,55187700000,4026338,17.8,27.6,13706.67341
Papua New Guinea,1992,4377984100,4136651,7,13.5,1058.340213
Papua New Guinea,1996,5155485420,4785908,8.2,15.2,1077.222007
Papua New Guinea,2000,3521348155,5508300,9.4,17,639.2803869
Papua New Guinea,2004,3927157867,6293174,10.9,19,624.034528
Papua New Guinea,2008,11670678864,7137999,12.5,21.1,1635.007075
Papua New Guinea,2012,21295834133,8026548,14.4,23.4,2653.174706
Papua New Guinea,2016,20213214172,8899176,16.6,25.8,2271.357952
Paraguay,1992,7157424031,4277057,6.5,11.2,1673.446024
Paraguay,1996,9788391733,4711656,8,13.1,2077.484378
Paraguay,2000,8195993231,5123817,9.6,15.1,1599.587423
Paraguay,2004,8033877360,5416327,11.3,17.1,1483.270371
Paraguay,2008,18504130753,5645155,13.2,19.2,3277.878243
Paraguay,2012,24595319574,5923327,15.1,21.3,4152.281239
Paraguay,2016,27424071383,6266623,17.1,23.4,4376.212097
Peru,1992,36139225288,23047250,6.9,14.8,1568.049346
Peru,1996,55252414130,24907304,8.1,16.2,2218.321747
Peru,2000,51744749133,26654440,9.3,17.7,1941.318187
Peru,2004,66768703498,27893914,10.6,19.2,2393.66564
Peru,2008,1.21E+11,28806184,12,20.8,4184.90002
Peru,2012,1.93E+11,29749592,13.5,22.4,6475.685448
Peru,2016,1.92E+11,31132776,15.2,24.2,6173.782897
Philippines,1992,52976344929,64543524,1.4,3,820.7848231
Philippines,1996,82848140618,70944968,1.8,3.6,1167.780365
Philippines,2000,81026297144,77958224,2.3,4.2,1039.355349
Philippines,2004,91371239765,84607504,2.8,4.9,1079.942504
Philippines,2008,1.74E+11,91252328,3.5,5.6,1908.9376
Philippines,2012,2.50E+11,98032320,4.3,6.5,2551.117835
Philippines,2016,3.05E+11,104875272,5.2,7.5,2907.310696
Poland,1992,94337050693,38252280,13,17.3,2466.181119
Poland,1996,1.60E+11,38401408,14.4,17.9,4165.029574
Poland,2000,1.72E+11,38504432,16,18.6,4464.05754
Poland,2004,2.55E+11,38596040,17.8,19.4,6609.538181
Poland,2008,5.34E+11,38522880,19.6,20.3,13857.11556
Poland,2012,5.00E+11,38625872,21.6,21.2,12952.04416
Poland,2016,4.71E+11,38532108,23.7,22.2,12233.01876
Portugal,1992,1.08E+11,9978745,8.5,12,10783.21973
Portugal,1996,1.23E+11,10087653,10.2,13.5,12156.44511
Portugal,2000,1.18E+11,10300632,12,15.1,11490.36292
Portugal,2004,1.89E+11,10501523,13.9,16.7,18015.19646
Portugal,2008,2.62E+11,10580963,16,18.3,24762.20737
Portugal,2012,2.16E+11,10522085,18.1,19.8,20563.22487
Portugal,2016,2.05E+11,10332751,20.3,21.2,19824.05267
Qatar,1992,7646153984,471299,17.9,32.4,16223.57354
Qatar,1996,9059340385,529277,20.1,34.2,17116.44448
Qatar,2000,17759890110,645947,22.3,36,27494.34568
Qatar,2004,31734065934,777951,24.6,37.7,40791.85699
Qatar,2008,1.15E+11,1444287,27,39.4,79811.00709
Qatar,2012,1.87E+11,1905670,29.7,41.3,98041.1089
Qatar,2016,1.52E+11,2595175,32.5,43.1,58744.40067
Romania,1992,25121666667,22800966,11.8,15.4,1101.780805
Romania,1996,37182938696,22417872,13.4,16.4,1658.629271
Romania,2000,37438527800,21919882,15,17.2,1707.971229
Romania,2004,76216441462,21289292,16.7,18,3580.036455
Romania,2008,2.08E+11,20597518,18.7,19.1,10107.14009
Romania,2012,1.72E+11,20137112,20.9,20.3,8524.807331
Romania,2016,1.88E+11,19797822,23.4,21.6,9475.385727
Russia,1992,4.60E+11,148725600,9.7,23.8,3094.900945
Russia,1996,3.92E+11,148233408,10.8,24.2,2642.589179
Russia,2000,2.60E+11,146844848,12,24.6,1768.587755
Russia,2004,5.91E+11,144353648,13.3,25.1,4094.229749
Russia,2008,1.66E+12,143086544,14.8,25.7,11607.241
Russia,2012,2.21E+12,143629360,16.4,26.3,15388.63642
Russia,2016,1.28E+12,145109152,18.1,26.9,8842.722753
Rwanda,1992,2029026704,7657202,0.3,2.2,264.9827841
Rwanda,1996,1382334879,6715510,0.4,2.9,205.8421295
Rwanda,2000,1734938264,8109994,0.6,3.8,213.9259615
Rwanda,2004,2089188829,8791855,0.8,4.8,237.6277622
Rwanda,2008,4860576609,9781999,1.1,6.1,496.8899106
Rwanda,2012,7315702176,10840331,1.5,7.6,674.8596677
Rwanda,2016,8376048905,11930902,1.9,9.3,702.0465766
Sao Tome and Principe,2004,105360801.9,157714,3.8,11,668.049773
Sao Tome and Principe,2008,188021168.8,174019,4.8,12.9,1080.463448
Sao Tome and Principe,2012,252560557.1,189936,5.9,14.9,1329.713994
Sao Tome and Principe,2016,342781715.5,204640,7.2,16.9,1675.047476
Saudi Arabia,1992,1.37E+11,17281352,15.6,29.7,7932.712672
Saudi Arabia,1996,1.59E+11,19410278,17.9,32,8174.123008
Saudi Arabia,2000,1.90E+11,21547398,20.1,34,8795.261497
Saudi Arabia,2004,2.59E+11,23661804,22.5,36,10935.00732
Saudi Arabia,2008,5.20E+11,27437352,25,38,18944.86757
Saudi Arabia,2012,7.36E+11,30821554,27.8,40.1,23878.58185
Saudi Arabia,2016,6.46E+11,33416272,30.8,42.3,19345.00653
Senegal,1992,6004885321,7974512,1.2,5.2,753.0097542
Senegal,1996,5065830414,8843426,1.5,6.2,572.8357329
Senegal,2000,4679604754,9704291,1.9,7.2,482.2201595
Senegal,2004,8031344381,10698699,2.2,8.4,750.6842076
Senegal,2008,13439023281,11872933,2.7,9.7,1131.904246
Senegal,2012,14225310519,13231840,3.3,11.2,1075.081812
Senegal,2016,14683697631,14751356,4,12.9,995.4134136
Serbia,1996,20948677840,7993447,12,16.1,2620.731437
Serbia,2000,6540247190,7935023,13.7,17.1,824.2253602
Serbia,2004,24861483281,7863399,15.4,18.2,3161.671344
Serbia,2008,49259526053,7722801,17.2,19.4,6378.453369
Serbia,2012,40742313861,7591357,19.1,20.6,5366.934247
Serbia,2016,38299854688,7493288,21.1,21.8,5111.221494
Seychelles,1992,433667193.8,72435,2.9,10.4,5986.984107
Seychelles,1996,503068472.2,75570,3.4,11.6,6656.986532
Seychelles,2000,614879764.8,80073,4,13,7678.989982
Seychelles,2004,839319927.3,84733,4.7,14.7,9905.466905
Seychelles,2008,967199594,89660,5.5,16.5,10787.41461
Seychelles,2012,1134267367,95319,6.4,18.4,11899.69856
Seychelles,2016,1427323889,100521,7.6,20.5,14199.26074
Sierra Leone,1992,679997997.6,4301575,1.1,5,158.0811674
Sierra Leone,1996,941742152.7,4347381,1.3,6,216.6228708
Sierra Leone,2000,635874002.2,4584074,1.7,7.1,138.7137298
Sierra Leone,2004,1431208677,5533329,2,8.4,258.6523731
Sierra Leone,2008,2505458705,6090861,2.5,9.8,411.3472143
Sierra Leone,2012,3801862611,6788594,3.1,11.5,560.0368222
Sierra Leone,2016,3736588554,7493918,3.8,13.3,498.6161517
Singapore,1992,52156414979,3228234,2.6,5,16156.33036
Singapore,1996,96403758865,3651905,3,5.1,26398.21103
Singapore,2000,95833932715,4053602,3.4,5.3,23641.67294
Singapore,2004,1.14E+11,4270407,3.9,5.5,26739.60585
Singapore,2008,1.92E+11,4838404,4.5,5.8,39729.21649
Singapore,2012,2.89E+11,5381003,5.1,6,53737.56528
Singapore,2016,2.97E+11,5711936,5.8,6.3,51992.17918
Slovakia,1992,15431288006,5301897,11.6,14.9,2910.522027
Slovakia,1996,27821913815,5358288,13,15.6,5192.314003
Slovakia,2000,29114875622,5376700,14.4,16.3,5415.008392
Slovakia,2004,57240535138,5374932,15.9,17.1,10649.53662
Slovakia,2008,1.00E+11,5381641,17.5,18,18642.08333
Slovakia,2012,93413992956,5409283,19.2,18.9,17269.20055
Slovakia,2016,89768598023,5431205,21,19.9,16528.30229
Slovenia,1996,21480023017,1990671,11.6,16.1,10790.34306
Slovenia,2000,20342201356,1984339,13,16.9,10251.37406
Slovenia,2004,34470227454,1996731,14.5,17.9,17263.33064
Slovenia,2008,55589849128,2034037,16,18.8,27329.81216
Slovenia,2012,46352802766,2069365,17.6,19.9,22399.52969
Slovenia,2016,44708598649,2090020,19.4,21,21391.46929
Solomon Islands,1992,378778047.2,343929,6.7,13.7,1101.326283
Solomon Islands,1996,565163750.6,386084,8,15.6,1463.836239
Solomon Islands,2000,435103853.5,429986,9.4,17.7,1011.902372
Solomon Islands,2004,375111894.9,471796,11.1,19.8,795.0722238
Solomon Islands,2008,608293860.3,516010,13.1,22.2,1178.841225
Solomon Islands,2012,1025125082,567771,15.4,24.6,1805.525612
Solomon Islands,2016,1202125000,628110,17.9,27.1,1913.87655
Somalia,2016,6217000000,14292848,3.9,12.3,434.972792
South Africa,1992,1.35E+11,41760756,5.1,25.4,3221.804701
South Africa,1996,1.48E+11,44661608,6.2,27.8,3305.031024
South Africa,2000,1.36E+11,46813272,7.6,30.2,2912.891882
South Africa,2004,2.29E+11,48556064,9.2,32.6,4714.900285
South Africa,2008,2.87E+11,50565812,11,35,5677.749227
South Africa,2012,3.96E+11,53145036,13,37.3,7457.573272
South Africa,2016,2.95E+11,56422272,15.4,39.6,5236.513694
Spain,1992,6.29E+11,39202248,13.9,17,16050.151
Spain,1996,6.41E+11,39996476,15.6,18.1,16026.36192
Spain,2000,5.95E+11,40741652,17.3,19.1,14614.11039
Spain,2004,1.07E+12,42959672,19,20.1,24896.83813
Spain,2008,1.64E+12,45966544,20.8,21,35569.7831
Spain,2012,1.34E+12,46756084,22.7,21.9,28574.24929
Spain,2016,1.24E+12,46473316,24.6,22.8,26623.01954
Sri Lanka,1992,9703011636,17624462,0.6,2.2,550.5422881
Sri Lanka,1996,13897738375,18322504,0.7,2.7,758.5064997
Sri Lanka,2000,16330814180,18776374,0.9,3.2,869.7533496
Sri Lanka,2004,20662525941,19490434,1.3,4,1060.13678
Sri Lanka,2008,40713812310,20285640,1.7,4.9,2007.026266
Sri Lanka,2012,68434399083,21017150,2.2,5.9,3256.121743
Sri Lanka,2016,81321876307,21425494,2.9,7.3,3795.565988
Suriname,1992,404600000,419531,8.8,22.3,964.4102581
Suriname,1996,860630922.7,443840,10.2,24,1939.056693
Suriname,2000,892164393.9,479011,11.7,25.9,1862.513374
Suriname,2004,1484092538,510588,13.3,27.8,2906.63419
Suriname,2008,3532969035,533939,15.1,29.8,6616.802734
Suriname,2012,4980000000,558111,16.9,31.7,8922.956186
Suriname,2016,3278425328,581462,18.9,33.7,5638.245196
Sweden,1992,2.80E+11,8640277,11.9,11.9,32442.47841
Sweden,1996,2.88E+11,8785493,13.5,12.8,32793.15116
Sweden,2000,2.60E+11,8871042,15.2,13.9,29286.52575
Sweden,2004,3.82E+11,9004263,17,14.9,42391.58718
Sweden,2008,5.14E+11,9229282,18.9,15.9,55688.62237
Sweden,2012,5.44E+11,9555984,20.9,16.9,56915.22715
Sweden,2016,5.14E+11,9953322,23.1,18.1,51687.26582
Switzerland,1992,2.72E+11,6873188,11.2,10.5,39547.00497
Switzerland,1996,3.30E+11,7069694,13.2,11.8,46691.12977
Switzerland,2000,2.72E+11,7182052,14.8,12.8,37879.8427
Switzerland,2004,3.94E+11,7381153,16.5,13.8,53401.41303
Switzerland,2008,5.54E+11,7638288,18.3,14.8,72576.86539
Switzerland,2012,6.68E+11,7995738,20.2,15.8,83550.01127
Switzerland,2016,6.69E+11,8372902,22.2,16.9,79882.81721
Syria,1992,13253565899,13156408,8.6,20.6,1007.384835
Syria,1996,13789560878,14708883,10,22.6,937.4988487
Syria,2000,19325894913,16307659,11.7,24.8,1185.080882
Syria,2004,25086930693,18084010,13.6,27.1,1387.243797
Tajikistan,1992,1909246641,5656216,4.8,8,337.5483965
Tajikistan,1996,1043893063,6035605,5.4,8.8,172.9558285
Tajikistan,2000,860550305.8,6273001,6.1,9.7,137.1831928
Tajikistan,2004,2076148696,6801206,7.1,11,305.2618456
Tajikistan,2008,5161336170,7324633,8.3,12.6,704.6545772
Tajikistan,2012,7633049792,7956383,9.8,14.5,959.3617844
Tajikistan,2016,6951657159,8725326,11.6,16.7,796.7217682
Tanzania,1992,4601413264,27580728,1,3.9,166.8343658
Tanzania,1996,6496195451,31140730,1.2,4.8,208.6076804
Tanzania,2000,10185786383,34463704,1.6,5.9,295.5511219
Tanzania,2004,12825801581,38360884,2,7.2,334.3458295
Tanzania,2008,27368386358,42870888,2.5,8.7,638.3909369
Tanzania,2012,39087748240,47786136,3.1,10.6,817.9725651
Tanzania,2016,47340071107,54401804,4,12.7,870.1930382
Thailand,1992,1.11E+11,56939020,1.1,3.6,1957.409875
Thailand,1996,1.83E+11,60211100,1.5,4.4,3039.887994
Thailand,2000,1.26E+11,63066604,2,5.3,2004.103471
Thailand,2004,1.73E+11,65311164,2.7,6.6,2647.250323
Thailand,2008,2.91E+11,67328240,3.7,8.3,4327.797667
Thailand,2012,3.98E+11,69157024,5.2,10.4,5748.656854
Thailand,2016,4.07E+11,70607032,7,12.7,5764.666613
Timor Leste,2000,350391812.5,878367,0.8,2,398.9127694
Timor Leste,2004,442875783.7,945993,1,2.5,468.1596837
Timor Leste,2008,659561789.4,1043085,1.4,3.1,632.3183532
Timor Leste,2012,1188900000,1137683,1.9,3.9,1045.018691
Timor Leste,2016,1782974000,1224568,2.6,4.9,1456.002443
Togo,1992,1692959110,4106228,1,4.3,412.2905767
Togo,1996,1465448290,4445892,1.3,5.2,329.6185085
Togo,2000,1294250233,5008043,1.6,6.3,258.4343291
Togo,2004,1937074572,5565213,2,7.6,348.0683618
Togo,2008,3163416242,6222491,2.5,9,508.3842214
Togo,2012,3866617463,6926634,3.1,10.7,558.2245955
Togo,2016,4399995987,7661361,3.9,12.5,574.3099675
Tonga,1992,137066290.6,99276,23.3,39.1,1380.658876
Tonga,1996,219583570.1,100209,26.1,41.9,2191.255976
Tonga,2000,202363492.2,102620,29,44.7,1971.969326
Tonga,2004,229358214.8,105054,32,47.3,2183.241141
Tonga,2008,349484427.6,106945,35,49.8,3267.88936
Tonga,2012,472358251.2,107517,38.2,52.2,4393.335484
Tonga,2016,401562006.2,105721,41.4,54.5,3798.318274
Trinidad and Tobago,1992,5439552941,1285506,3.6,11.1,4231.448893
Trinidad and Tobago,1996,5759537726,1313442,4.4,13.1,4385.071991
Trinidad and Tobago,2000,8154338233,1332203,5.4,15.5,6120.942704
Trinidad and Tobago,2004,13280275123,1361180,6.5,17.9,9756.44303
Trinidad and Tobago,2008,27870257894,1392808,7.8,20.4,20010.12192
Trinidad and Tobago,2012,25694164489,1430379,9.2,23.1,17963.18632
Trinidad and Tobago,2016,21894706041,1469334,10.8,26,14901.10897
Tunisia,1992,15497286296,8802535,7.6,20.8,1760.548103
Tunisia,1996,19587322786,9430552,9.1,23.2,2077.007028
Tunisia,2000,21473188882,9893326,10.8,25.4,2170.472183
Tunisia,2004,31183139301,10292230,12.6,27.6,3029.774821
Tunisia,2008,44856586316,10680381,14.6,29.8,4199.90507
Tunisia,2012,45044112939,11174384,16.7,32,4031.015306
Tunisia,2016,42062549395,11685666,19.1,34.3,3599.49954
Turkey,1992,1.58E+11,56302040,10.4,24.2,2814.445089
Turkey,1996,1.81E+11,60293784,12.4,26.8,3009.862509
Turkey,2000,2.73E+11,64113548,14.4,29.2,4257.742841
Turkey,2004,4.05E+11,67785080,16.5,31.6,5971.623844
Turkey,2008,7.64E+11,71320728,18.9,34.1,10716.88444
Turkey,2012,8.74E+11,75277440,21.5,36.7,11610.14508
Turkey,2016,8.64E+11,81019400,24.4,39.2,10660.55784
Turkmenistan,1992,3200539816,3926374,6.5,10.4,815.1388064
Turkmenistan,1996,2379281768,4301092,7.5,11.6,553.1808592
Turkmenistan,2000,2904662605,4569135,8.6,13,635.7138944
Turkmenistan,2004,6838351088,4819793,10.1,14.6,1418.805971
Turkmenistan,2008,19271523179,5100089,11.7,16.5,3778.664094
Turkmenistan,2012,35164210526,5458688,13.7,18.6,6441.879537
Turkmenistan,2016,36179885714,5868568,15.9,20.9,6165.027944
Tuvalu,1992,9742949.471,9489,25.9,39.6,1026.762511
Tuvalu,1996,12334846.23,9631,29.6,43,1280.74408
Tuvalu,2000,13742057.05,9662,32.9,45.8,1422.278726
Tuvalu,2004,21534931.61,9814,36.3,48.5,2194.307276
Tuvalu,2008,30290219.76,10294,39.8,51.2,2942.51212
Tuvalu,2012,39875750.67,10876,43.5,53.8,3666.398554
Tuvalu,2016,34218878.44,10876,47,56.2,3146.274222
Uganda,1992,2857457860,18801968,0.5,2.6,151.9765303
Uganda,1996,6044585327,21249570,0.6,3.2,284.4568303
Uganda,2000,6193246837,24020710,0.8,3.9,257.8294662
Uganda,2004,7940362799,27146082,0.9,4.8,292.5049294
Uganda,2008,14239026630,30509868,1.2,5.9,466.7023348
Uganda,2012,23132149257,34273296,1.5,7.1,674.9321471
Uganda,2016,24078931933,38748308,1.8,8.6,621.4189258
Ukraine,1992,73942235330,51785152,12,21.3,1427.865565
Ukraine,1996,44558077827,50616104,13.4,21.9,880.3142539
Ukraine,2000,31261527363,48879756,14.8,22.5,639.559808
Ukraine,2004,64883060726,47261960,16.4,23.2,1372.838975
Ukraine,2008,1.80E+11,46062936,18.1,23.9,3907.523394
Ukraine,2012,1.76E+11,45406228,20,24.8,3871.297127
Ukraine,2016,93270479389,44833568,22,25.7,2080.371551
United Arab Emirates,1992,54239171888,2116235,14.4,29.6,25630.03253
United Arab Emirates,1996,73571233996,2572739,15.9,30.9,28596.46237
United Arab Emirates,2000,1.04E+11,3275338,17.7,32.7,31855.33829
United Arab Emirates,2004,1.48E+11,3993346,19.8,34.7,37017.57874
United Arab Emirates,2008,3.15E+11,6988687,22.2,36.8,45140.81114
United Arab Emirates,2012,3.75E+11,8664976,24.8,38.9,43256.66915
United Arab Emirates,2016,3.49E+11,8994266,27.5,41,38773.92552
United States,1992,6.54E+12,255175328,18.3,21.4,25626.69382
United States,1996,8.10E+12,268984352,21,24.1,30114.01942
United States,2000,1.03E+13,282398560,24,26.9,36419.44916
United States,2004,1.23E+13,293947904,27,29.6,41758.76008
United States,2008,1.47E+13,305694912,29.8,32.1,48148.0045
United States,2012,1.62E+13,316651328,32.6,34.5,51019.20811
United States,2016,1.86E+13,327210208,35.5,37,56919.06776
Uruguay,1992,12878157306,3153732,13.5,20.5,4083.465972
Uruguay,1996,20515465834,3226635,15.2,22.1,6358.161315
Uruguay,2000,22823255802,3292227,16.9,23.7,6932.467233
Uruguay,2004,13686329890,3313804,18.8,25.4,4130.096376
Uruguay,2008,30366213095,3336131,20.7,27.1,9102.224432
Uruguay,2012,51264390121,3371134,22.8,28.8,15206.86811
Uruguay,2016,52419720714,3413768,24.9,30.6,15355.38464
Uzbekistan,1992,12941297376,21588150,5.9,9.5,599.4630098
Uzbekistan,1996,13948892216,23465930,6.7,10.5,594.431681
Uzbekistan,2000,13760374488,24925558,7.6,11.6,552.0588341
Uzbekistan,2004,12030023548,26234924,8.8,13.1,458.5499675
Uzbekistan,2008,29549438884,27726820,10.2,14.8,1065.734869
Uzbekistan,2012,51821573338,29503058,11.8,16.7,1756.481424
Uzbekistan,2016,67220335570,31453576,13.8,19,2137.12856
Vanuatu,1992,196142585,158593,8.1,15.7,1236.766976
Vanuatu,1996,245177633.2,174725,9.6,17.9,1403.220107
Vanuatu,2000,272014693.1,192087,11.3,20.2,1416.101522
Vanuatu,2004,364996869.1,212431,13.2,22.6,1718.190232
Vanuatu,2008,607958616.1,233967,15.3,25,2598.480196
Vanuatu,2012,781702874.1,257329,17.6,27.5,3037.756623
Vanuatu,2016,773502895.9,283239,20.2,30.1,2730.919456
Venezuela,1992,58450099415,20700462,12.2,20,2823.61328
Venezuela,1996,68263823149,22572114,13.9,21.5,3024.254757
Venezuela,2000,1.17E+11,24427732,15.7,23.1,4795.410397
Venezuela,2004,1.12E+11,26226930,17.4,24.5,4287.692078
Venezuela,2008,3.16E+11,27933836,19.1,25.9,11310.76305
Venezuela,2012,3.81E+11,29470428,20.7,27.2,12937.91865
Vietnam,1992,9866990236,69788752,0.2,0.5,141.3836751
Vietnam,1996,24657470575,74946456,0.3,0.7,329.0011548
Vietnam,2000,31172518403,79001144,0.4,0.9,394.5831266
Vietnam,2004,45427854693,82311232,0.5,1.2,551.9034716
Vietnam,2008,99130304099,85597232,0.8,1.5,1158.101749
Vietnam,2012,1.56E+11,89301328,1.1,2,1744.878867
Vietnam,2016,2.05E+11,93126528,1.6,2.6,2204.269872
Zambia,1992,3181921788,8074342,1.3,5.4,394.0781537
Zambia,1996,3597220962,8902025,1.4,6,404.0901887
Zambia,2000,3600683040,9891140,1.6,6.7,364.0311471
Zambia,2004,6221077675,11188044,1.9,7.7,556.046944
Zambia,2008,17910858638,12852968,2.3,9,1393.519274
Zambia,2012,25503370699,14744662,2.9,10.6,1729.668045
Zambia,2016,21063989683,16767758,3.6,12.4,1256.219805
Zimbabwe,1992,6751472200,10641504,1.5,14,634.4471796
Zimbabwe,1996,8553146600,11178171,1.9,16,765.1651241
Zimbabwe,2000,6689957600,11834679,2.4,18,565.2842464
Zimbabwe,2004,5805598400,12160885,2.9,19.9,477.399334
Zimbabwe,2008,4415702800,12550353,3.5,21.7,351.8389323
Zimbabwe,2012,14242490252,13265331,4,23.5,1073.662636
Zimbabwe,2016,16619960402,14452705,4.7,25.3,1149.955002
